id	isbn
100018640	9789724914886
100058670	9789723114584
100058670	9789899610644
100058670	9789722718424
100087898	9789723314564
100087898	9788439327318
10010733	9788896028483
10010733	9788888030678
10010733	9788881852987
10010733	9788876942471
10010733	9788888030890
10010733	9788888030739
100115693	9789725200612
100115693	9789724053202
100125649	9789728435172
100144647639509806283	9780739186367
100144647639509806283	9780739177006
100149294120280520990	9788274790162
100150746898316301294	9789048533237
100150746898316301294	9789048533220
100150746898316301294	9789462983267
100151352026052601097	9789669271693
100152138629510982418	9788974503208
100157012	9788299798310
100157012	9788299798303
10019671	9780820704791
10019671	9780791438893
10019671	9780791438909
100234175	9782858021628
100234175	9782130432364
100234175	9782228334303
100234175	9782870270448
100234175	9782738410375
100234175	9782213016481
100234175	9782865630899
100234175	9782234013056
100234175	9782228335409
100234175	9782030703731
100234175	9789727593156
100234175	9789681614942
100234175	9788321808024
100234175	9782870270158
100234175	9782811109332
100253440	9788425300349
100253440	9783426002384
100253440	9788425304798
100253440	9788402005441
100253440	9788475304243
100253440	9788425300325
100253440	9788425300318
100253440	9789060572610
100253440	9788425315237
100253440	9788425300356
100253440	9788631301277
100253440	9788385348047
100253440	9780552085236
100253440	9789984533254
100253440	9789896660789
100253440	9788976700148
100253440	9788711229552
100253440	9788501059284
100253440	9788389064172
100253440	9788085265668
100253440	9785798500291
100253440	9785699608652
100253440	9784102269015
100253440	9782891493192
100253440	9782876285729
100253440	9782277212881
100253440	9780937858028
10027079	9789970027552
10027079	9788899982386
10027079	9788887013184
10027079	9788843057252
10027079	9788873760238
10027079	9788843034277
10027079	9788883531095
100288515	9780121451608
100288515	9780632048236
100288515	9780632048212
100288515	9780632048182
100288515	9780121451646
100288515	9780121451639
100288515	9780121451622
100288515	9780121451615
100288515	9780198546825
100288515	9780198541387
100288515	9789251062227
100288515	9781861920997
100288515	9780954194710
100288515	9780907284024
100288515	9780349111797
100321218	9782012655836
100337377	9783826029356
100394479	9789579002608
100394479	9787770276026
100414242	9783925533112
100414242	9783925533051
100414242	9783869014449
100414242	9783862680597
100531458	9780198556527
100531458	9780198556398
100531458	9780198512943
100531458	9782868832191
100531458	9780198512516
100566954	9783407741097
100566954	9783522501934
100583507	9783518423868
100583507	9783957570017
100583507	9783455404425
100583507	9783593407210
100583507	9783593388533
10061762	9780821842423
10061762	9780821808603
10061762	9781470451332
10061762	9781470413613
10061762	9781470412876
100651929	9788360004654
100651929	9788360004371
100651929	9780944237281
100651929	9780944237274
100651929	9789197240864
100651929	9781401259037
100651929	9780824097912
100651929	9780788819056
100651929	9780783268293
100651929	9780160599088
100662756	9781604026597
100673090	9785899815690
100693514	9787301220900
100693514	9787301139226
100713538	9789385104763
100713538	9789384302245
100713538	9789381975985
100713538	9788184931181
10076313	9783764367152
10076313	9783540015284
10076313	9789386279521
10076313	9789380250403
10076313	9783540369639
1008155042734072400948	9780948601262
100903932	9783796301216
100917680	9780412488405
100917680	9781841583570
100917680	9780952421016
100917680	9780896585591
100917680	9780114972837
100951303	9788481437492
100951303	9788481436020
100967297	9782867431401
100982838	9783922051770
100982838	9783933641069
